{"cameraMode":{"drawMode":0,"name":"Shaded","section":"Shading Mode"},"sceneLighting":false,"audioPlay":false,"sceneViewState":{"showFog":true,"showMaterialUpdate":false,"showSkybox":true,"showFlares":true,"showImageEffects":true,"showParticleSystems":true},"in2DMode":false,"pivot":{"x":1.2613492012023926,"y":0.03668975830078125,"z":0.4628124237060547},"rotation":{"x":-0.10639218240976334,"y":-0.17592783272266389,"z":0.019127817824482919,"w":-0.9784499406814575},"size":24.586994171142579,"orthographic":false}