{"cameraMode":{"drawMode":0,"name":"Shaded","section":"Shading Mode"},"sceneLighting":true,"audioPlay":false,"sceneViewState":{"showFog":true,"showMaterialUpdate":false,"showSkybox":true,"showFlares":true,"showImageEffects":true,"showParticleSystems":true},"in2DMode":false,"pivot":{"x":-0.8374557495117188,"y":0.7108545303344727,"z":0.7308540344238281},"rotation":{"x":-0.23761969804763795,"y":0.15998725593090058,"z":-0.03971526026725769,"w":-0.9572688937187195},"size":18.846426010131837,"orthographic":false}